Model,Feature_Set,Split,Accuracy,Precision,Recall,F1-Score,ROC-AUC,Tuning_Method,Best_Params,Best_Param_Notes
Logistic Regression,W100_O0,80/20,0.5554803788903924,0.5654961336335614,0.5434550242300105,0.5445514054411329,0.9174849798974062,GridSearchCV,"{'C': 10, 'penalty': 'l2', 'solver': 'liblinear'}","Tested C in [0.01, 0.1, 1, 10, 100], penalty in ['l1', 'l2'], using GridSearchCV with Stratified 5-fold CV."
Logistic Regression,W100_O0,70/30,0.5598917211820438,0.5647346972962588,0.5501177772409177,0.5489411396459788,0.919607446793043,GridSearchCV,"{'C': 10, 'penalty': 'l2', 'solver': 'liblinear'}","Tested C in [0.01, 0.1, 1, 10, 100], penalty in ['l1', 'l2'], using GridSearchCV with Stratified 5-fold CV."
Logistic Regression,W100_O50,80/20,0.5700966265468723,0.5719703138722242,0.5599353880424222,0.5577337688240999,0.9199834243870998,GridSearchCV,"{'C': 10, 'penalty': 'l2', 'solver': 'liblinear'}","Tested C in [0.01, 0.1, 1, 10, 100], penalty in ['l1', 'l2'], using GridSearchCV with Stratified 5-fold CV."
Logistic Regression,W100_O50,70/30,0.5739631596790598,0.5753530091409871,0.5625114887318818,0.5614864262718231,0.9202177841429697,GridSearchCV,"{'C': 10, 'penalty': 'l2', 'solver': 'liblinear'}","Tested C in [0.01, 0.1, 1, 10, 100], penalty in ['l1', 'l2'], using GridSearchCV with Stratified 5-fold CV."
Logistic Regression,W200_O0,80/20,0.6145479265805575,0.6107844870530758,0.5957095768274352,0.5965296791124655,0.9346986798093307,GridSearchCV,"{'C': 10, 'penalty': 'l2', 'solver': 'liblinear'}","Tested C in [0.01, 0.1, 1, 10, 100], penalty in ['l1', 'l2'], using GridSearchCV with Stratified 5-fold CV."
Logistic Regression,W200_O0,70/30,0.6162211146352514,0.6148208076717558,0.6018669868687831,0.6026027996677237,0.931457213625869,GridSearchCV,"{'C': 10, 'penalty': 'l2', 'solver': 'liblinear'}","Tested C in [0.01, 0.1, 1, 10, 100], penalty in ['l1', 'l2'], using GridSearchCV with Stratified 5-fold CV."
Logistic Regression,W200_O50,80/20,0.5955631399317406,0.6054604684284541,0.5839718895487208,0.586693737671588,0.9287933796903861,GridSearchCV,"{'C': 10, 'penalty': 'l2', 'solver': 'liblinear'}","Tested C in [0.01, 0.1, 1, 10, 100], penalty in ['l1', 'l2'], using GridSearchCV with Stratified 5-fold CV."
Logistic Regression,W200_O50,70/30,0.6015927189988624,0.6152940932544891,0.59304878382728,0.5928024450969452,0.9323197965708995,GridSearchCV,"{'C': 10, 'penalty': 'l2', 'solver': 'liblinear'}","Tested C in [0.01, 0.1, 1, 10, 100], penalty in ['l1', 'l2'], using GridSearchCV with Stratified 5-fold CV."
Logistic Regression,W300_O0,80/20,0.6038894575230297,0.6175064311613891,0.5915707688497905,0.5948106348973896,0.9375408712700952,GridSearchCV,"{'C': 10, 'penalty': 'l2', 'solver': 'liblinear'}","Tested C in [0.01, 0.1, 1, 10, 100], penalty in ['l1', 'l2'], using GridSearchCV with Stratified 5-fold CV."
Logistic Regression,W300_O0,70/30,0.6095563139931741,0.6180412515455666,0.6006869265823388,0.6058901698782052,0.9410903609880119,GridSearchCV,"{'C': 10, 'penalty': 'l2', 'solver': 'liblinear'}","Tested C in [0.01, 0.1, 1, 10, 100], penalty in ['l1', 'l2'], using GridSearchCV with Stratified 5-fold CV."
Logistic Regression,W300_O50,80/20,0.628026790314271,0.6334596132291623,0.6271466631926682,0.6232686260772137,0.9470119899913031,GridSearchCV,"{'C': 10, 'penalty': 'l2', 'solver': 'liblinear'}","Tested C in [0.01, 0.1, 1, 10, 100], penalty in ['l1', 'l2'], using GridSearchCV with Stratified 5-fold CV."
Logistic Regression,W300_O50,70/30,0.6270604395604396,0.6322513199904367,0.62331356703976,0.6222407438507953,0.9439442872434847,GridSearchCV,"{'C': 10, 'penalty': 'l2', 'solver': 'liblinear'}","Tested C in [0.01, 0.1, 1, 10, 100], penalty in ['l1', 'l2'], using GridSearchCV with Stratified 5-fold CV."
Logistic Regression,W400_O0,80/20,0.6323731138545954,0.6520700253481645,0.6228566147076533,0.6238709064054281,0.9497222499975543,GridSearchCV,"{'C': 10, 'penalty': 'l2', 'solver': 'liblinear'}","Tested C in [0.01, 0.1, 1, 10, 100], penalty in ['l1', 'l2'], using GridSearchCV with Stratified 5-fold CV."
Logistic Regression,W400_O0,70/30,0.6416819012797075,0.645762107453306,0.6373682536897249,0.6323697468931339,0.9500844736110121,GridSearchCV,"{'C': 10, 'penalty': 'l2', 'solver': 'liblinear'}","Tested C in [0.01, 0.1, 1, 10, 100], penalty in ['l1', 'l2'], using GridSearchCV with Stratified 5-fold CV."
Logistic Regression,W400_O50,80/20,0.6664359861591695,0.6674381773710597,0.6536705792149499,0.6563983660201871,0.9529662967551981,GridSearchCV,"{'C': 10, 'penalty': 'l2', 'solver': 'liblinear'}","Tested C in [0.01, 0.1, 1, 10, 100], penalty in ['l1', 'l2'], using GridSearchCV with Stratified 5-fold CV."
Logistic Regression,W400_O50,70/30,0.6559040590405905,0.6580772615434953,0.6434582224334225,0.646957237210592,0.951212123526252,GridSearchCV,"{'C': 10, 'penalty': 'l2', 'solver': 'liblinear'}","Tested C in [0.01, 0.1, 1, 10, 100], penalty in ['l1', 'l2'], using GridSearchCV with Stratified 5-fold CV."
Logistic Regression,W500_O0,80/20,0.6134020618556701,0.6341123920944018,0.619698817812563,0.622606075824148,0.9495448228897164,GridSearchCV,"{'C': 10, 'penalty': 'l2', 'solver': 'saga'}","Tested C in [0.01, 0.1, 1, 10, 100], penalty in ['l1', 'l2'], using GridSearchCV with Stratified 5-fold CV."
Logistic Regression,W500_O0,70/30,0.6116838487972509,0.6253451794297828,0.6120475864209415,0.6106200069298,0.9518553071921004,GridSearchCV,"{'C': 10, 'penalty': 'l2', 'solver': 'saga'}","Tested C in [0.01, 0.1, 1, 10, 100], penalty in ['l1', 'l2'], using GridSearchCV with Stratified 5-fold CV."
Logistic Regression,W500_O50,80/20,0.6449086161879896,0.6404761386979174,0.6240937973455868,0.6258392946309344,0.9511683165450051,GridSearchCV,"{'C': 10, 'penalty': 'l2', 'solver': 'liblinear'}","Tested C in [0.01, 0.1, 1, 10, 100], penalty in ['l1', 'l2'], using GridSearchCV with Stratified 5-fold CV."
Logistic Regression,W500_O50,70/30,0.6525522041763341,0.6504648734229603,0.6339790257656776,0.6361474944349728,0.9522969834792104,GridSearchCV,"{'C': 10, 'penalty': 'l2', 'solver': 'liblinear'}","Tested C in [0.01, 0.1, 1, 10, 100], penalty in ['l1', 'l2'], using GridSearchCV with Stratified 5-fold CV."
Decision Tree,W100_O0,80/20,0.618064952638701,0.6157310222970495,0.6091387707820193,0.6099163041677035,0.884425888793709,GridSearchCV,"{'criterion': 'entropy', 'max_depth': 10, 'min_samples_leaf': 1, 'min_samples_split': 10}","Tested max_depth in [None, 10, 20, 30, 50], min_samples_split in [2, 5, 10], using GridSearchCV with Stratified 5-fold CV."
Decision Tree,W100_O0,70/30,0.6205729754116851,0.6169518094739107,0.6064566104630544,0.6074150085490381,0.8784057641622905,GridSearchCV,"{'criterion': 'entropy', 'max_depth': 10, 'min_samples_leaf': 4, 'min_samples_split': 2}","Tested max_depth in [None, 10, 20, 30, 50], min_samples_split in [2, 5, 10], using GridSearchCV with Stratified 5-fold CV."
Decision Tree,W100_O50,80/20,0.6838447194439735,0.6749211934631506,0.6747654318435727,0.6745901894481754,0.8253759613824151,GridSearchCV,"{'criterion': 'entropy', 'max_depth': 20, 'min_samples_leaf': 1, 'min_samples_split': 2}","Tested max_depth in [None, 10, 20, 30, 50], min_samples_split in [2, 5, 10], using GridSearchCV with Stratified 5-fold CV."
Decision Tree,W100_O50,70/30,0.6728443891965193,0.6625661201019486,0.6591561025674423,0.6603760283395135,0.8270610016199972,GridSearchCV,"{'criterion': 'entropy', 'max_depth': None, 'min_samples_leaf': 1, 'min_samples_split': 5}","Tested max_depth in [None, 10, 20, 30, 50], min_samples_split in [2, 5, 10], using GridSearchCV with Stratified 5-fold CV."
Decision Tree,W200_O0,80/20,0.628823929299796,0.6130479849803984,0.6112867236529993,0.6105651519349378,0.8319635035812826,GridSearchCV,"{'criterion': 'entropy', 'max_depth': None, 'min_samples_leaf': 2, 'min_samples_split': 10}","Tested max_depth in [None, 10, 20, 30, 50], min_samples_split in [2, 5, 10], using GridSearchCV with Stratified 5-fold CV."
Decision Tree,W200_O0,70/30,0.6302673312188491,0.6262169090887167,0.620327165782416,0.6224468629002028,0.8286534069025234,GridSearchCV,"{'criterion': 'entropy', 'max_depth': 20, 'min_samples_leaf': 1, 'min_samples_split': 10}","Tested max_depth in [None, 10, 20, 30, 50], min_samples_split in [2, 5, 10], using GridSearchCV with Stratified 5-fold CV."
Decision Tree,W200_O50,80/20,0.6802047781569965,0.6663976580548269,0.6618722133675561,0.6632637845077036,0.8166150771487225,GridSearchCV,"{'criterion': 'entropy', 'max_depth': 20, 'min_samples_leaf': 1, 'min_samples_split': 2}","Tested max_depth in [None, 10, 20, 30, 50], min_samples_split in [2, 5, 10], using GridSearchCV with Stratified 5-fold CV."
Decision Tree,W200_O50,70/30,0.6837315130830489,0.6723191164639594,0.667505971962609,0.6692339900600723,0.8178316119563692,GridSearchCV,"{'criterion': 'entropy', 'max_depth': None, 'min_samples_leaf': 1, 'min_samples_split': 2}","Tested max_depth in [None, 10, 20, 30, 50], min_samples_split in [2, 5, 10], using GridSearchCV with Stratified 5-fold CV."
Decision Tree,W300_O0,80/20,0.6202661207778914,0.6388138624742005,0.6098764630389941,0.6126183209317495,0.8713582198141568,GridSearchCV,"{'criterion': 'gini', 'max_depth': 10, 'min_samples_leaf': 2, 'min_samples_split': 10}","Tested max_depth in [None, 10, 20, 30, 50], min_samples_split in [2, 5, 10], using GridSearchCV with Stratified 5-fold CV."
Decision Tree,W300_O0,70/30,0.6430034129692833,0.6355399074621301,0.6323760528362972,0.6321955100158647,0.849762383891268,GridSearchCV,"{'criterion': 'gini', 'max_depth': None, 'min_samples_leaf': 4, 'min_samples_split': 10}","Tested max_depth in [None, 10, 20, 30, 50], min_samples_split in [2, 5, 10], using GridSearchCV with Stratified 5-fold CV."
Decision Tree,W300_O50,80/20,0.7181865018031942,0.7113707391473411,0.71270474382283,0.7117306377655397,0.8463771207853452,GridSearchCV,"{'criterion': 'gini', 'max_depth': 20, 'min_samples_leaf': 1, 'min_samples_split': 2}","Tested max_depth in [None, 10, 20, 30, 50], min_samples_split in [2, 5, 10], using GridSearchCV with Stratified 5-fold CV."
Decision Tree,W300_O50,70/30,0.7053571428571429,0.7053533469105551,0.6992753659061942,0.7013126385141938,0.8347856689357624,GridSearchCV,"{'criterion': 'entropy', 'max_depth': None, 'min_samples_leaf': 1, 'min_samples_split': 2}","Tested max_depth in [None, 10, 20, 30, 50], min_samples_split in [2, 5, 10], using GridSearchCV with Stratified 5-fold CV."
Decision Tree,W400_O0,80/20,0.607681755829904,0.6166928776817553,0.6005059655891603,0.6034287235809583,0.8490842768471292,GridSearchCV,"{'criterion': 'gini', 'max_depth': 10, 'min_samples_leaf': 1, 'min_samples_split': 5}","Tested max_depth in [None, 10, 20, 30, 50], min_samples_split in [2, 5, 10], using GridSearchCV with Stratified 5-fold CV."
Decision Tree,W400_O0,70/30,0.6243144424131627,0.6165891655210466,0.6152581385417379,0.6131920704051482,0.8407536627367102,GridSearchCV,"{'criterion': 'entropy', 'max_depth': 10, 'min_samples_leaf': 1, 'min_samples_split': 2}","Tested max_depth in [None, 10, 20, 30, 50], min_samples_split in [2, 5, 10], using GridSearchCV with Stratified 5-fold CV."
Decision Tree,W400_O50,80/20,0.7342560553633218,0.7217721229656069,0.7186822223876824,0.719392706347143,0.8606124903989376,GridSearchCV,"{'criterion': 'entropy', 'max_depth': 20, 'min_samples_leaf': 1, 'min_samples_split': 5}","Tested max_depth in [None, 10, 20, 30, 50], min_samples_split in [2, 5, 10], using GridSearchCV with Stratified 5-fold CV."
Decision Tree,W400_O50,70/30,0.716789667896679,0.698275639018352,0.700119552832679,0.6986546581192907,0.8358050366657896,GridSearchCV,"{'criterion': 'entropy', 'max_depth': 20, 'min_samples_leaf': 1, 'min_samples_split': 2}","Tested max_depth in [None, 10, 20, 30, 50], min_samples_split in [2, 5, 10], using GridSearchCV with Stratified 5-fold CV."
Decision Tree,W500_O0,80/20,0.6168384879725086,0.6133304071265889,0.614158959519792,0.609192639435871,0.8499003954372936,GridSearchCV,"{'criterion': 'entropy', 'max_depth': 10, 'min_samples_leaf': 1, 'min_samples_split': 10}","Tested max_depth in [None, 10, 20, 30, 50], min_samples_split in [2, 5, 10], using GridSearchCV with Stratified 5-fold CV."
Decision Tree,W500_O0,70/30,0.6197021764032073,0.6283572505752028,0.6071810536450135,0.6009505464887914,0.8779374688903168,GridSearchCV,"{'criterion': 'gini', 'max_depth': 10, 'min_samples_leaf': 4, 'min_samples_split': 10}","Tested max_depth in [None, 10, 20, 30, 50], min_samples_split in [2, 5, 10], using GridSearchCV with Stratified 5-fold CV."
Decision Tree,W500_O50,80/20,0.7380330722367275,0.717084428961381,0.7181691668357143,0.7172914455882877,0.8459494175210388,GridSearchCV,"{'criterion': 'entropy', 'max_depth': None, 'min_samples_leaf': 1, 'min_samples_split': 2}","Tested max_depth in [None, 10, 20, 30, 50], min_samples_split in [2, 5, 10], using GridSearchCV with Stratified 5-fold CV."
Decision Tree,W500_O50,70/30,0.7215777262180975,0.7007316559811262,0.699591657426074,0.6983612153669678,0.841563337564979,GridSearchCV,"{'criterion': 'entropy', 'max_depth': 20, 'min_samples_leaf': 1, 'min_samples_split': 5}","Tested max_depth in [None, 10, 20, 30, 50], min_samples_split in [2, 5, 10], using GridSearchCV with Stratified 5-fold CV."
Random Forest,W100_O0,80/20,0.7422192151556157,0.7484936500800646,0.725182855350329,0.7312896006039764,0.9667598060449877,RandomizedSearchCV,"{'n_estimators': 100, 'min_samples_split': 2, 'min_samples_leaf': 1, 'max_depth': 20, 'criterion': 'entropy', 'bootstrap': False}","Tested n_estimators in [50, 100, 200], max_depth in [10, 20], using RandomizedSearchCV with 3-fold Stratified CV."
Random Forest,W100_O0,70/30,0.7464471012858109,0.7481331151924202,0.7307762889159151,0.7352849756379064,0.9650676730531864,RandomizedSearchCV,"{'n_estimators': 100, 'min_samples_split': 2, 'min_samples_leaf': 1, 'max_depth': 20, 'criterion': 'entropy', 'bootstrap': False}","Tested n_estimators in [50, 100, 200], max_depth in [10, 20], using RandomizedSearchCV with 3-fold Stratified CV."
Random Forest,W100_O50,80/20,0.8101373114087134,0.8140256983063903,0.7950424891863705,0.8011330204183196,0.9794353891839124,RandomizedSearchCV,"{'n_estimators': 100, 'min_samples_split': 2, 'min_samples_leaf': 1, 'max_depth': 20, 'criterion': 'entropy', 'bootstrap': False}","Tested n_estimators in [50, 100, 200], max_depth in [10, 20], using RandomizedSearchCV with 3-fold Stratified CV."
Random Forest,W100_O50,70/30,0.8069838399819189,0.8123550868682049,0.792472381848286,0.7990665160619411,0.9787780524658077,RandomizedSearchCV,"{'n_estimators': 100, 'min_samples_split': 2, 'min_samples_leaf': 1, 'max_depth': 20, 'criterion': 'entropy', 'bootstrap': False}","Tested n_estimators in [50, 100, 200], max_depth in [10, 20], using RandomizedSearchCV with 3-fold Stratified CV."
Random Forest,W200_O0,80/20,0.7688647178789939,0.7671279489118923,0.751894368252103,0.7555454262282096,0.9694730965743058,RandomizedSearchCV,"{'n_estimators': 100, 'min_samples_split': 2, 'min_samples_leaf': 1, 'max_depth': 20, 'criterion': 'entropy', 'bootstrap': False}","Tested n_estimators in [50, 100, 200], max_depth in [10, 20], using RandomizedSearchCV with 3-fold Stratified CV."
Random Forest,W200_O0,70/30,0.7512460353420933,0.7494621110963755,0.7302304480375299,0.7347922198508744,0.9662786505996401,RandomizedSearchCV,"{'n_estimators': 100, 'min_samples_split': 2, 'min_samples_leaf': 1, 'max_depth': None, 'criterion': 'gini', 'bootstrap': False}","Tested n_estimators in [50, 100, 200], max_depth in [10, 20], using RandomizedSearchCV with 3-fold Stratified CV."
Random Forest,W200_O50,80/20,0.8109215017064847,0.8173104018489856,0.7914411079288359,0.7992626557174742,0.9783286373054687,RandomizedSearchCV,"{'n_estimators': 50, 'min_samples_split': 2, 'min_samples_leaf': 1, 'max_depth': 20, 'criterion': 'entropy', 'bootstrap': False}","Tested n_estimators in [50, 100, 200], max_depth in [10, 20], using RandomizedSearchCV with 3-fold Stratified CV."
Random Forest,W200_O50,70/30,0.8138794084186576,0.8203765503298268,0.7969924361539417,0.8034833986139904,0.9793538175195798,RandomizedSearchCV,"{'n_estimators': 100, 'min_samples_split': 2, 'min_samples_leaf': 1, 'max_depth': 20, 'criterion': 'entropy', 'bootstrap': False}","Tested n_estimators in [50, 100, 200], max_depth in [10, 20], using RandomizedSearchCV with 3-fold Stratified CV."
Random Forest,W300_O0,80/20,0.7676560900716479,0.7670032545336898,0.7514556839098028,0.7545434934199087,0.968989037229251,RandomizedSearchCV,"{'n_estimators': 100, 'min_samples_split': 2, 'min_samples_leaf': 1, 'max_depth': 20, 'criterion': 'entropy', 'bootstrap': False}","Tested n_estimators in [50, 100, 200], max_depth in [10, 20], using RandomizedSearchCV with 3-fold Stratified CV."
Random Forest,W300_O0,70/30,0.7610921501706485,0.7646117615495172,0.7465705098449743,0.7519943923155225,0.9678147192118997,RandomizedSearchCV,"{'n_estimators': 100, 'min_samples_split': 2, 'min_samples_leaf': 1, 'max_depth': 20, 'criterion': 'entropy', 'bootstrap': False}","Tested n_estimators in [50, 100, 200], max_depth in [10, 20], using RandomizedSearchCV with 3-fold Stratified CV."
Random Forest,W300_O50,80/20,0.854198866563627,0.8634304960656802,0.8505139384245273,0.8551744212911899,0.9873120801815176,RandomizedSearchCV,"{'n_estimators': 100, 'min_samples_split': 2, 'min_samples_leaf': 1, 'max_depth': 20, 'criterion': 'entropy', 'bootstrap': False}","Tested n_estimators in [50, 100, 200], max_depth in [10, 20], using RandomizedSearchCV with 3-fold Stratified CV."
Random Forest,W300_O50,70/30,0.8351648351648352,0.8426016531385248,0.8276357325129627,0.8328647356409512,0.9842052028845427,RandomizedSearchCV,"{'n_estimators': 100, 'min_samples_split': 2, 'min_samples_leaf': 1, 'max_depth': None, 'criterion': 'gini', 'bootstrap': False}","Tested n_estimators in [50, 100, 200], max_depth in [10, 20], using RandomizedSearchCV with 3-fold Stratified CV."
Random Forest,W400_O0,80/20,0.7901234567901234,0.7809382839738674,0.7806128142139689,0.7779339692986195,0.9748233394635907,RandomizedSearchCV,"{'n_estimators': 100, 'min_samples_split': 2, 'min_samples_leaf': 1, 'max_depth': 20, 'criterion': 'entropy', 'bootstrap': False}","Tested n_estimators in [50, 100, 200], max_depth in [10, 20], using RandomizedSearchCV with 3-fold Stratified CV."
Random Forest,W400_O0,70/30,0.7851919561243145,0.781372045412877,0.7693910636941332,0.7718906842184214,0.9746463115340909,RandomizedSearchCV,"{'n_estimators': 50, 'min_samples_split': 5, 'min_samples_leaf': 2, 'max_depth': None, 'criterion': 'entropy', 'bootstrap': False}","Tested n_estimators in [50, 100, 200], max_depth in [10, 20], using RandomizedSearchCV with 3-fold Stratified CV."
Random Forest,W400_O50,80/20,0.8512110726643599,0.8470751591137179,0.8414231360546526,0.8424084065191907,0.9853330238662522,RandomizedSearchCV,"{'n_estimators': 100, 'min_samples_split': 2, 'min_samples_leaf': 1, 'max_depth': 20, 'criterion': 'entropy', 'bootstrap': False}","Tested n_estimators in [50, 100, 200], max_depth in [10, 20], using RandomizedSearchCV with 3-fold Stratified CV."
Random Forest,W400_O50,70/30,0.8427121771217713,0.8404319274703007,0.8299141804075577,0.8333259182535577,0.9857654183914856,RandomizedSearchCV,"{'n_estimators': 100, 'min_samples_split': 2, 'min_samples_leaf': 1, 'max_depth': None, 'criterion': 'gini', 'bootstrap': False}","Tested n_estimators in [50, 100, 200], max_depth in [10, 20], using RandomizedSearchCV with 3-fold Stratified CV."
Random Forest,W500_O0,80/20,0.7749140893470791,0.7693603269916072,0.7710556126866684,0.7679694477322432,0.9738079432293326,RandomizedSearchCV,"{'n_estimators': 100, 'min_samples_split': 2, 'min_samples_leaf': 1, 'max_depth': 20, 'criterion': 'gini', 'bootstrap': False}","Tested n_estimators in [50, 100, 200], max_depth in [10, 20], using RandomizedSearchCV with 3-fold Stratified CV."
Random Forest,W500_O0,70/30,0.7812142038946163,0.7737212747884743,0.7595359018123855,0.7581038925647281,0.9748578151332503,RandomizedSearchCV,"{'n_estimators': 100, 'min_samples_split': 2, 'min_samples_leaf': 1, 'max_depth': 20, 'criterion': 'entropy', 'bootstrap': False}","Tested n_estimators in [50, 100, 200], max_depth in [10, 20], using RandomizedSearchCV with 3-fold Stratified CV."
Random Forest,W500_O50,80/20,0.8711923411662315,0.8715701743305452,0.8529885780013473,0.8590925065167898,0.9871113203838384,RandomizedSearchCV,"{'n_estimators': 100, 'min_samples_split': 2, 'min_samples_leaf': 1, 'max_depth': 20, 'criterion': 'gini', 'bootstrap': False}","Tested n_estimators in [50, 100, 200], max_depth in [10, 20], using RandomizedSearchCV with 3-fold Stratified CV."
Random Forest,W500_O50,70/30,0.8584686774941995,0.8540323265791359,0.8435027842727325,0.8465743022027641,0.9875875451771402,RandomizedSearchCV,"{'n_estimators': 100, 'min_samples_split': 2, 'min_samples_leaf': 1, 'max_depth': 20, 'criterion': 'entropy', 'bootstrap': False}","Tested n_estimators in [50, 100, 200], max_depth in [10, 20], using RandomizedSearchCV with 3-fold Stratified CV."
Gaussian NB,W100_O0,80/20,0.38565629228687415,0.3938118448670886,0.39545604206580687,0.37251742060079507,0.8666374292819682,RandomizedSearchCV,{'var_smoothing': 1e-09},"No tuning done, default smoothing parameter used."
Gaussian NB,W100_O0,70/30,0.39138281073764947,0.3965594010047738,0.39863879772725214,0.3722288083480393,0.8683750976461522,RandomizedSearchCV,{'var_smoothing': 1e-09},"No tuning done, default smoothing parameter used."
Gaussian NB,W100_O50,80/20,0.3919308357348703,0.41787043593304335,0.40242697683036255,0.3790281475940642,0.872349056269562,RandomizedSearchCV,{'var_smoothing': 1e-07},"No tuning done, default smoothing parameter used."
Gaussian NB,W100_O50,70/30,0.38332014916939766,0.4095807663269616,0.39378652021032556,0.3686694705674023,0.8699546240879683,RandomizedSearchCV,{'var_smoothing': 1e-07},"No tuning done, default smoothing parameter used."
Gaussian NB,W200_O0,80/20,0.4309993201903467,0.445438364398807,0.44253117618099813,0.4076051561188065,0.890772385712545,RandomizedSearchCV,{'var_smoothing': 1e-09},"No tuning done, default smoothing parameter used."
Gaussian NB,W200_O0,70/30,0.43271409152695967,0.44058532579317816,0.4400012856240441,0.41175871500767675,0.8862661924958523,RandomizedSearchCV,{'var_smoothing': 1e-07},"No tuning done, default smoothing parameter used."
Gaussian NB,W200_O50,80/20,0.4085324232081911,0.4140158929313005,0.4127592773595978,0.3767090993176138,0.8767946154726524,RandomizedSearchCV,{'var_smoothing': 1e-09},"No tuning done, default smoothing parameter used."
Gaussian NB,W200_O50,70/30,0.4254835039817975,0.4303402436871947,0.4279932118134392,0.394776823677306,0.8817459351729515,RandomizedSearchCV,{'var_smoothing': 1e-07},"No tuning done, default smoothing parameter used."
Gaussian NB,W300_O0,80/20,0.42988741044012285,0.4458363376503995,0.43645576388774665,0.42249048190232236,0.8919109170757235,RandomizedSearchCV,{'var_smoothing': 1e-09},"No tuning done, default smoothing parameter used."
Gaussian NB,W300_O0,70/30,0.44641638225255975,0.46546141710101147,0.4599395242466096,0.4358492679152617,0.8966861585638193,RandomizedSearchCV,{'var_smoothing': 1e-07},"No tuning done, default smoothing parameter used."
Gaussian NB,W300_O50,80/20,0.44152498712004123,0.4517339258943193,0.4539138335938571,0.4250959390948126,0.8994225401197018,RandomizedSearchCV,{'var_smoothing': 1e-09},"No tuning done, default smoothing parameter used."
Gaussian NB,W300_O50,70/30,0.4426510989010989,0.4555019223873453,0.45138558776582777,0.42281878447325844,0.8974143669307459,RandomizedSearchCV,{'var_smoothing': 1e-09},"No tuning done, default smoothing parameter used."
Gaussian NB,W400_O0,80/20,0.4170096021947874,0.4482581739493123,0.43545655215368434,0.4141704814480981,0.8942686868548624,RandomizedSearchCV,{'var_smoothing': 1e-09},"No tuning done, default smoothing parameter used."
Gaussian NB,W400_O0,70/30,0.4643510054844607,0.4875905225926504,0.47938730965633775,0.44641192870511914,0.9037436696114228,RandomizedSearchCV,{'var_smoothing': 1e-09},"No tuning done, default smoothing parameter used."
Gaussian NB,W400_O50,80/20,0.45674740484429066,0.4676740430298393,0.4644307260779515,0.43249270240793775,0.9052152674308508,RandomizedSearchCV,{'var_smoothing': 1e-09},"No tuning done, default smoothing parameter used."
Gaussian NB,W400_O50,70/30,0.45156826568265684,0.46201383026377324,0.4590512626451058,0.4360527825962545,0.9029733259235809,RandomizedSearchCV,{'var_smoothing': 1e-09},"No tuning done, default smoothing parameter used."
Gaussian NB,W500_O0,80/20,0.46048109965635736,0.5011163735822209,0.4842907570989979,0.4548867779000926,0.9070392982724728,RandomizedSearchCV,{'var_smoothing': 1e-09},"No tuning done, default smoothing parameter used."
Gaussian NB,W500_O0,70/30,0.4833906071019473,0.5060017981508669,0.4911245881912709,0.47027638346017536,0.908947416969783,RandomizedSearchCV,{'var_smoothing': 1e-09},"No tuning done, default smoothing parameter used."
Gaussian NB,W500_O50,80/20,0.463881636205396,0.4796156257754204,0.47003282197957025,0.45111695828817094,0.9046548978496637,RandomizedSearchCV,{'var_smoothing': 1e-09},"No tuning done, default smoothing parameter used."
Gaussian NB,W500_O50,70/30,0.4547563805104408,0.4697822255779961,0.4611733280364039,0.4396139997323999,0.9071246512663237,RandomizedSearchCV,{'var_smoothing': 1e-09},"No tuning done, default smoothing parameter used."
SVM,W100_O0,80/20,0.6606901217861976,0.6624129409327524,0.6478336123086466,0.651821574033239,0.9533125685629813,GridSearchCV,"{'kernel': 'rbf', 'gamma': 'scale', 'C': 10}","Tested C in [0.1, 1, 10], kernel in ['linear', 'rbf'], using GridSearchCV with Stratified 5-fold CV."
SVM,W100_O0,70/30,0.66388450259418,0.6655091814510683,0.6521404225289531,0.6551322626892954,0.9528541342270723,GridSearchCV,"{'kernel': 'rbf', 'gamma': 'scale', 'C': 10}","Tested C in [0.1, 1, 10], kernel in ['linear', 'rbf'], using GridSearchCV with Stratified 5-fold CV."
SVM,W100_O50,80/20,0.7185963722664859,0.7273693197089881,0.7099231557224743,0.7152127398377481,0.964005229030868,GridSearchCV,"{'kernel': 'rbf', 'gamma': 'scale', 'C': 10}","Tested C in [0.1, 1, 10], kernel in ['linear', 'rbf'], using GridSearchCV with Stratified 5-fold CV."
SVM,W100_O50,70/30,0.7175952084981354,0.7280174960640284,0.709813954565731,0.7157695028530795,0.9635908441187635,GridSearchCV,"{'kernel': 'rbf', 'gamma': 'scale', 'C': 10}","Tested C in [0.1, 1, 10], kernel in ['linear', 'rbf'], using GridSearchCV with Stratified 5-fold CV."
SVM,W200_O0,80/20,0.7070020394289599,0.7183422249233473,0.6990950106551562,0.7033476763982077,0.9623146142689137,GridSearchCV,"{'kernel': 'rbf', 'gamma': 'scale', 'C': 10}","Tested C in [0.1, 1, 10], kernel in ['linear', 'rbf'], using GridSearchCV with Stratified 5-fold CV."
SVM,W200_O0,70/30,0.6814680561848664,0.685743272920358,0.6693072574443287,0.6730810302954597,0.9565588238549626,GridSearchCV,"{'kernel': 'rbf', 'gamma': 'scale', 'C': 10}","Tested C in [0.1, 1, 10], kernel in ['linear', 'rbf'], using GridSearchCV with Stratified 5-fold CV."
SVM,W200_O50,80/20,0.730716723549488,0.7402112142885116,0.714230359402189,0.7219900090497446,0.9655327228050996,GridSearchCV,"{'kernel': 'rbf', 'gamma': 'scale', 'C': 10}","Tested C in [0.1, 1, 10], kernel in ['linear', 'rbf'], using GridSearchCV with Stratified 5-fold CV."
SVM,W200_O50,70/30,0.7308304891922639,0.7441174956783875,0.7180603494252185,0.7249900500319811,0.9660315269874009,GridSearchCV,"{'kernel': 'rbf', 'gamma': 'scale', 'C': 10}","Tested C in [0.1, 1, 10], kernel in ['linear', 'rbf'], using GridSearchCV with Stratified 5-fold CV."
SVM,W300_O0,80/20,0.691914022517912,0.7101895488537177,0.6831554759452484,0.690472903562105,0.9588620134962696,GridSearchCV,"{'kernel': 'rbf', 'gamma': 'scale', 'C': 10}","Tested C in [0.1, 1, 10], kernel in ['linear', 'rbf'], using GridSearchCV with Stratified 5-fold CV."
SVM,W300_O0,70/30,0.6955631399317406,0.7075166986949495,0.6849056009339745,0.6908249196459759,0.9600003954876499,GridSearchCV,"{'kernel': 'rbf', 'gamma': 'scale', 'C': 10}","Tested C in [0.1, 1, 10], kernel in ['linear', 'rbf'], using GridSearchCV with Stratified 5-fold CV."
SVM,W300_O50,80/20,0.7743431221020093,0.7822854538555002,0.7741204695637637,0.7764063587131651,0.9774822079038166,GridSearchCV,"{'kernel': 'rbf', 'gamma': 'scale', 'C': 10}","Tested C in [0.1, 1, 10], kernel in ['linear', 'rbf'], using GridSearchCV with Stratified 5-fold CV."
SVM,W300_O50,70/30,0.7627060439560439,0.7700356593605782,0.7603055254715166,0.7631640844032576,0.9743741305218365,GridSearchCV,"{'kernel': 'rbf', 'gamma': 'scale', 'C': 10}","Tested C in [0.1, 1, 10], kernel in ['linear', 'rbf'], using GridSearchCV with Stratified 5-fold CV."
SVM,W400_O0,80/20,0.7133058984910837,0.7258784645729685,0.7058277176122738,0.7116117845480588,0.9662694784856815,GridSearchCV,"{'kernel': 'rbf', 'gamma': 'scale', 'C': 10}","Tested C in [0.1, 1, 10], kernel in ['linear', 'rbf'], using GridSearchCV with Stratified 5-fold CV."
SVM,W400_O0,70/30,0.7093235831809872,0.7140053718203796,0.7049583723258727,0.706291116291082,0.9646638992056483,GridSearchCV,"{'kernel': 'rbf', 'gamma': 'scale', 'C': 10}","Tested C in [0.1, 1, 10], kernel in ['linear', 'rbf'], using GridSearchCV with Stratified 5-fold CV."
SVM,W400_O50,80/20,0.7903114186851211,0.7954392139183081,0.7828483531932865,0.7859564846417677,0.9803159698522538,GridSearchCV,"{'kernel': 'rbf', 'gamma': 'scale', 'C': 10}","Tested C in [0.1, 1, 10], kernel in ['linear', 'rbf'], using GridSearchCV with Stratified 5-fold CV."
SVM,W400_O50,70/30,0.7869003690036901,0.7867508098102394,0.7761676832311355,0.7788264360283453,0.978950925379776,GridSearchCV,"{'kernel': 'rbf', 'gamma': 'scale', 'C': 10}","Tested C in [0.1, 1, 10], kernel in ['linear', 'rbf'], using GridSearchCV with Stratified 5-fold CV."
SVM,W500_O0,80/20,0.7405498281786942,0.7534299203335877,0.7478274761123038,0.748306877124259,0.9666071117110306,GridSearchCV,"{'kernel': 'rbf', 'gamma': 'scale', 'C': 10}","Tested C in [0.1, 1, 10], kernel in ['linear', 'rbf'], using GridSearchCV with Stratified 5-fold CV."
SVM,W500_O0,70/30,0.7216494845360825,0.736748103344575,0.7145358893360965,0.7209105876241769,0.9648351336675663,GridSearchCV,"{'kernel': 'rbf', 'gamma': 'scale', 'C': 10}","Tested C in [0.1, 1, 10], kernel in ['linear', 'rbf'], using GridSearchCV with Stratified 5-fold CV."
SVM,W500_O50,80/20,0.7919930374238469,0.8148839709144732,0.7841584902592543,0.7937834841670636,0.9810526114911405,GridSearchCV,"{'kernel': 'rbf', 'gamma': 'scale', 'C': 10}","Tested C in [0.1, 1, 10], kernel in ['linear', 'rbf'], using GridSearchCV with Stratified 5-fold CV."
SVM,W500_O50,70/30,0.7807424593967517,0.796241907454203,0.7738006828439353,0.781128365468961,0.9777287231294984,GridSearchCV,"{'kernel': 'rbf', 'gamma': 'scale', 'C': 10}","Tested C in [0.1, 1, 10], kernel in ['linear', 'rbf'], using GridSearchCV with Stratified 5-fold CV."
KNN,W100_O0,80/20,0.6979025710419485,0.6887663591206277,0.6772941440103939,0.6776383691163502,0.9138061366537954,GridSearchCV,"{'weights': 'distance', 'n_neighbors': 5, 'metric': 'manhattan'}","Tested n_neighbors in [3, 5, 7, 11], using GridSearchCV with Stratified 5-fold CV."
KNN,W100_O0,70/30,0.6891495601173021,0.6804258599422892,0.6700600666908927,0.6684119757436847,0.9146497027323274,GridSearchCV,"{'weights': 'distance', 'n_neighbors': 5, 'metric': 'manhattan'}","Tested n_neighbors in [3, 5, 7, 11], using GridSearchCV with Stratified 5-fold CV."
KNN,W100_O50,80/20,0.7614849974571961,0.7568772244774791,0.7474698985209731,0.7491146919679964,0.9478741874352711,GridSearchCV,"{'weights': 'distance', 'n_neighbors': 5, 'metric': 'manhattan'}","Tested n_neighbors in [3, 5, 7, 11], using GridSearchCV with Stratified 5-fold CV."
KNN,W100_O50,70/30,0.753870493841112,0.7494143668929425,0.7375295183588257,0.7395876891921717,0.9532359000301955,GridSearchCV,"{'weights': 'distance', 'n_neighbors': 7, 'metric': 'manhattan'}","Tested n_neighbors in [3, 5, 7, 11], using GridSearchCV with Stratified 5-fold CV."
KNN,W200_O0,80/20,0.6913664174031271,0.6764216573282539,0.6652669241028623,0.6644008949067406,0.9284516531269239,GridSearchCV,"{'weights': 'distance', 'n_neighbors': 7, 'metric': 'manhattan'}","Tested n_neighbors in [3, 5, 7, 11], using GridSearchCV with Stratified 5-fold CV."
KNN,W200_O0,70/30,0.6719528772088809,0.6594903636016703,0.6498133875127775,0.6470054454621703,0.9215147397443206,GridSearchCV,"{'weights': 'distance', 'n_neighbors': 7, 'metric': 'manhattan'}","Tested n_neighbors in [3, 5, 7, 11], using GridSearchCV with Stratified 5-fold CV."
KNN,W200_O50,80/20,0.7624573378839591,0.7550800866476514,0.7391574253935772,0.7425455109186276,0.9430287993145392,GridSearchCV,"{'weights': 'distance', 'n_neighbors': 5, 'metric': 'manhattan'}","Tested n_neighbors in [3, 5, 7, 11], using GridSearchCV with Stratified 5-fold CV."
KNN,W200_O50,70/30,0.7658703071672355,0.761607423597626,0.7450693896515532,0.748317711102791,0.9432114649354806,GridSearchCV,"{'weights': 'distance', 'n_neighbors': 5, 'metric': 'manhattan'}","Tested n_neighbors in [3, 5, 7, 11], using GridSearchCV with Stratified 5-fold CV."
KNN,W300_O0,80/20,0.6898669396110543,0.6953580114234584,0.666793003557464,0.6713962138510294,0.9215694932862452,GridSearchCV,"{'weights': 'distance', 'n_neighbors': 5, 'metric': 'manhattan'}","Tested n_neighbors in [3, 5, 7, 11], using GridSearchCV with Stratified 5-fold CV."
KNN,W300_O0,70/30,0.6846416382252559,0.6751565009425375,0.6582214462459168,0.6585095341315882,0.9366284766622006,GridSearchCV,"{'weights': 'distance', 'n_neighbors': 7, 'metric': 'manhattan'}","Tested n_neighbors in [3, 5, 7, 11], using GridSearchCV with Stratified 5-fold CV."
KNN,W300_O50,80/20,0.7805255023183926,0.7717283839089291,0.7631179483376058,0.7638871957856203,0.9532309237942055,GridSearchCV,"{'weights': 'distance', 'n_neighbors': 5, 'metric': 'manhattan'}","Tested n_neighbors in [3, 5, 7, 11], using GridSearchCV with Stratified 5-fold CV."
KNN,W300_O50,70/30,0.773695054945055,0.7636432080707685,0.7554368355430747,0.7560555369748659,0.9473291414255276,GridSearchCV,"{'weights': 'distance', 'n_neighbors': 5, 'metric': 'manhattan'}","Tested n_neighbors in [3, 5, 7, 11], using GridSearchCV with Stratified 5-fold CV."
KNN,W400_O0,80/20,0.6927297668038409,0.6758402267800867,0.6690902673962434,0.6681683229692785,0.9218507654353452,GridSearchCV,"{'weights': 'distance', 'n_neighbors': 5, 'metric': 'manhattan'}","Tested n_neighbors in [3, 5, 7, 11], using GridSearchCV with Stratified 5-fold CV."
KNN,W400_O0,70/30,0.6974405850091407,0.6858957955665251,0.6752084403898846,0.6770687565922412,0.9231887952107651,GridSearchCV,"{'weights': 'distance', 'n_neighbors': 5, 'metric': 'manhattan'}","Tested n_neighbors in [3, 5, 7, 11], using GridSearchCV with Stratified 5-fold CV."
KNN,W400_O50,80/20,0.7951557093425605,0.7825511866352183,0.7795582570388068,0.7786237055788519,0.9618633141145057,GridSearchCV,"{'weights': 'distance', 'n_neighbors': 5, 'metric': 'manhattan'}","Tested n_neighbors in [3, 5, 7, 11], using GridSearchCV with Stratified 5-fold CV."
KNN,W400_O50,70/30,0.7790590405904059,0.7702232722573612,0.7516665555753697,0.7555311171126582,0.962182333490962,GridSearchCV,"{'weights': 'distance', 'n_neighbors': 7, 'metric': 'manhattan'}","Tested n_neighbors in [3, 5, 7, 11], using GridSearchCV with Stratified 5-fold CV."
KNN,W500_O0,80/20,0.7044673539518901,0.7146049688920534,0.688075522217786,0.6929409712452305,0.9312630604530404,GridSearchCV,"{'weights': 'distance', 'n_neighbors': 5, 'metric': 'manhattan'}","Tested n_neighbors in [3, 5, 7, 11], using GridSearchCV with Stratified 5-fold CV."
KNN,W500_O0,70/30,0.709049255441008,0.7018587893583196,0.6790820658268457,0.6819982078336692,0.9234919057812676,GridSearchCV,"{'weights': 'distance', 'n_neighbors': 5, 'metric': 'manhattan'}","Tested n_neighbors in [3, 5, 7, 11], using GridSearchCV with Stratified 5-fold CV."
KNN,W500_O50,80/20,0.8154917319408181,0.8025575137646146,0.7949134512014461,0.7966679077147184,0.9652640236447642,GridSearchCV,"{'weights': 'distance', 'n_neighbors': 5, 'metric': 'manhattan'}","Tested n_neighbors in [3, 5, 7, 11], using GridSearchCV with Stratified 5-fold CV."
KNN,W500_O50,70/30,0.8080046403712297,0.7929881853754975,0.7855205811181023,0.7871314452843194,0.9603557451794977,GridSearchCV,"{'weights': 'distance', 'n_neighbors': 5, 'metric': 'manhattan'}","Tested n_neighbors in [3, 5, 7, 11], using GridSearchCV with Stratified 5-fold CV."
AdaBoost,W100_O0,80/20,0.439106901217862,0.4158626586007445,0.4066149545590853,0.39549397031722416,0.8747438562240814,RandomizedSearchCV,"{'n_estimators': 150, 'learning_rate': 0.5}","Tested n_estimators in [50, 100, 200], learning_rate in [0.01, 0.1, 1], using RandomizedSearchCV with 3-fold Stratified CV."
AdaBoost,W100_O0,70/30,0.4376268892397925,0.4400643588124648,0.40859552475015426,0.38814339373505324,0.8719919990188942,RandomizedSearchCV,"{'n_estimators': 150, 'learning_rate': 0.5}","Tested n_estimators in [50, 100, 200], learning_rate in [0.01, 0.1, 1], using RandomizedSearchCV with 3-fold Stratified CV."
AdaBoost,W100_O50,80/20,0.4041362942871673,0.42284730550186533,0.37886307076960574,0.3659364300614554,0.8727526615027891,RandomizedSearchCV,"{'n_estimators': 150, 'learning_rate': 0.5}","Tested n_estimators in [50, 100, 200], learning_rate in [0.01, 0.1, 1], using RandomizedSearchCV with 3-fold Stratified CV."
AdaBoost,W100_O50,70/30,0.4594869476777037,0.4757242203170002,0.43160632408728683,0.4157759622544802,0.8767525448691135,RandomizedSearchCV,"{'n_estimators': 150, 'learning_rate': 0.5}","Tested n_estimators in [50, 100, 200], learning_rate in [0.01, 0.1, 1], using RandomizedSearchCV with 3-fold Stratified CV."
AdaBoost,W200_O0,80/20,0.4214819850441876,0.4369720952429386,0.39514993250920855,0.3728714501366049,0.8848830465535762,RandomizedSearchCV,"{'n_estimators': 150, 'learning_rate': 0.5}","Tested n_estimators in [50, 100, 200], learning_rate in [0.01, 0.1, 1], using RandomizedSearchCV with 3-fold Stratified CV."
AdaBoost,W200_O0,70/30,0.4231989125509742,0.38317026483210737,0.3875837851801325,0.3741348947837322,0.8785391279558802,RandomizedSearchCV,"{'n_estimators': 150, 'learning_rate': 0.5}","Tested n_estimators in [50, 100, 200], learning_rate in [0.01, 0.1, 1], using RandomizedSearchCV with 3-fold Stratified CV."
AdaBoost,W200_O50,80/20,0.41638225255972694,0.42282917119089247,0.38166696083317947,0.37529314419544213,0.8819430784836448,RandomizedSearchCV,"{'n_estimators': 150, 'learning_rate': 0.5}","Tested n_estimators in [50, 100, 200], learning_rate in [0.01, 0.1, 1], using RandomizedSearchCV with 3-fold Stratified CV."
AdaBoost,W200_O50,70/30,0.4316268486916951,0.4123026407079749,0.4024878650894307,0.37826873566283725,0.8765570001740428,RandomizedSearchCV,"{'n_estimators': 150, 'learning_rate': 0.5}","Tested n_estimators in [50, 100, 200], learning_rate in [0.01, 0.1, 1], using RandomizedSearchCV with 3-fold Stratified CV."
AdaBoost,W300_O0,80/20,0.4421699078812692,0.4505708313070929,0.4143939758867596,0.4006520869129662,0.8913849035944292,RandomizedSearchCV,"{'n_estimators': 150, 'learning_rate': 1.0}","Tested n_estimators in [50, 100, 200], learning_rate in [0.01, 0.1, 1], using RandomizedSearchCV with 3-fold Stratified CV."
AdaBoost,W300_O0,70/30,0.4232081911262799,0.41543684706268036,0.39446386164100905,0.3676539835633206,0.893210687680195,RandomizedSearchCV,"{'n_estimators': 100, 'learning_rate': 1.5}","Tested n_estimators in [50, 100, 200], learning_rate in [0.01, 0.1, 1], using RandomizedSearchCV with 3-fold Stratified CV."
AdaBoost,W300_O50,80/20,0.4585265327150953,0.4290337788355858,0.4169790233613355,0.39555867926971905,0.8874959276500846,RandomizedSearchCV,"{'n_estimators': 150, 'learning_rate': 0.5}","Tested n_estimators in [50, 100, 200], learning_rate in [0.01, 0.1, 1], using RandomizedSearchCV with 3-fold Stratified CV."
AdaBoost,W300_O50,70/30,0.4536401098901099,0.46114665938509647,0.4257056484817072,0.42670042615779824,0.8902593221988372,RandomizedSearchCV,"{'n_estimators': 150, 'learning_rate': 0.5}","Tested n_estimators in [50, 100, 200], learning_rate in [0.01, 0.1, 1], using RandomizedSearchCV with 3-fold Stratified CV."
AdaBoost,W400_O0,80/20,0.4499314128943759,0.4058999145958639,0.40270020605561446,0.38519603681745046,0.8916826082303179,RandomizedSearchCV,"{'n_estimators': 150, 'learning_rate': 0.5}","Tested n_estimators in [50, 100, 200], learning_rate in [0.01, 0.1, 1], using RandomizedSearchCV with 3-fold Stratified CV."
AdaBoost,W400_O0,70/30,0.41042047531992687,0.38920799876804835,0.36909644369217354,0.361899185926072,0.8870172645655714,RandomizedSearchCV,"{'n_estimators': 100, 'learning_rate': 0.5}","Tested n_estimators in [50, 100, 200], learning_rate in [0.01, 0.1, 1], using RandomizedSearchCV with 3-fold Stratified CV."
AdaBoost,W400_O50,80/20,0.45467128027681664,0.47336180378163556,0.4160310522178353,0.4073760677373905,0.8964965409231561,RandomizedSearchCV,"{'n_estimators': 150, 'learning_rate': 0.5}","Tested n_estimators in [50, 100, 200], learning_rate in [0.01, 0.1, 1], using RandomizedSearchCV with 3-fold Stratified CV."
AdaBoost,W400_O50,70/30,0.4261992619926199,0.44612580245860267,0.38262193536239375,0.3703261155786633,0.8934590785154645,RandomizedSearchCV,"{'n_estimators': 150, 'learning_rate': 0.5}","Tested n_estimators in [50, 100, 200], learning_rate in [0.01, 0.1, 1], using RandomizedSearchCV with 3-fold Stratified CV."
AdaBoost,W500_O0,80/20,0.3745704467353952,0.39737813356234414,0.3479964836688931,0.33376661478294806,0.8865571681303852,RandomizedSearchCV,"{'n_estimators': 150, 'learning_rate': 0.5}","Tested n_estimators in [50, 100, 200], learning_rate in [0.01, 0.1, 1], using RandomizedSearchCV with 3-fold Stratified CV."
AdaBoost,W500_O0,70/30,0.434135166093929,0.4009023857526344,0.4010352567032969,0.35856164184978634,0.8945870229178685,RandomizedSearchCV,"{'n_estimators': 100, 'learning_rate': 0.5}","Tested n_estimators in [50, 100, 200], learning_rate in [0.01, 0.1, 1], using RandomizedSearchCV with 3-fold Stratified CV."
AdaBoost,W500_O50,80/20,0.38816362053959963,0.40086357131844663,0.3586374733180032,0.32579700240014425,0.8913175228672529,RandomizedSearchCV,"{'n_estimators': 100, 'learning_rate': 0.5}","Tested n_estimators in [50, 100, 200], learning_rate in [0.01, 0.1, 1], using RandomizedSearchCV with 3-fold Stratified CV."
AdaBoost,W500_O50,70/30,0.39791183294663574,0.46960720566922115,0.3833509910469363,0.37691623437368804,0.894967969525906,RandomizedSearchCV,"{'n_estimators': 150, 'learning_rate': 1.0}","Tested n_estimators in [50, 100, 200], learning_rate in [0.01, 0.1, 1], using RandomizedSearchCV with 3-fold Stratified CV."
Gradient Boost,W100_O0,80/20,0.6437753721244925,0.6372582385476814,0.6307295278614101,0.6311766216622724,0.9347977707288465,RandomizedSearchCV,"{'n_estimators': 50, 'max_depth': 2, 'learning_rate': 0.1}","Tested learning_rate in [0.01, 0.1, 0.2], max_depth in [3, 5, 7], using RandomizedSearchCV with Stratified 3-fold CV."
Gradient Boost,W100_O0,70/30,0.6426799007444168,0.6354551834216811,0.6296233692271982,0.6297130445073696,0.9371112213648888,RandomizedSearchCV,"{'n_estimators': 50, 'max_depth': 2, 'learning_rate': 0.1}","Tested learning_rate in [0.01, 0.1, 0.2], max_depth in [3, 5, 7], using RandomizedSearchCV with Stratified 3-fold CV."
Gradient Boost,W100_O50,80/20,0.6609594846584167,0.6575299681273284,0.6494274177960292,0.648691557713048,0.9416588053952466,RandomizedSearchCV,"{'n_estimators': 50, 'max_depth': 2, 'learning_rate': 0.1}","Tested learning_rate in [0.01, 0.1, 0.2], max_depth in [3, 5, 7], using RandomizedSearchCV with Stratified 3-fold CV."
Gradient Boost,W100_O50,70/30,0.6613176630127698,0.6570335595820808,0.6469489356157573,0.6469625886771083,0.9424623286254795,RandomizedSearchCV,"{'n_estimators': 50, 'max_depth': 2, 'learning_rate': 0.1}","Tested learning_rate in [0.01, 0.1, 0.2], max_depth in [3, 5, 7], using RandomizedSearchCV with Stratified 3-fold CV."
Gradient Boost,W200_O0,80/20,0.69068660774983,0.6749918326162546,0.6652455726293306,0.6648117603921866,0.9504910677216991,RandomizedSearchCV,"{'n_estimators': 50, 'max_depth': 2, 'learning_rate': 0.1}","Tested learning_rate in [0.01, 0.1, 0.2], max_depth in [3, 5, 7], using RandomizedSearchCV with Stratified 3-fold CV."
Gradient Boost,W200_O0,70/30,0.6819211599456275,0.6701037385037513,0.6616800148456656,0.6612058715837076,0.946998905982269,RandomizedSearchCV,"{'n_estimators': 50, 'max_depth': 2, 'learning_rate': 0.1}","Tested learning_rate in [0.01, 0.1, 0.2], max_depth in [3, 5, 7], using RandomizedSearchCV with Stratified 3-fold CV."
Gradient Boost,W200_O50,80/20,0.6935153583617747,0.6912556453883809,0.6798558753678207,0.6815653717871006,0.9468664559004716,RandomizedSearchCV,"{'n_estimators': 50, 'max_depth': 2, 'learning_rate': 0.1}","Tested learning_rate in [0.01, 0.1, 0.2], max_depth in [3, 5, 7], using RandomizedSearchCV with Stratified 3-fold CV."
Gradient Boost,W200_O50,70/30,0.6948805460750853,0.6882091181418338,0.680417554965138,0.6790707553850431,0.9486837258060674,RandomizedSearchCV,"{'n_estimators': 50, 'max_depth': 2, 'learning_rate': 0.1}","Tested learning_rate in [0.01, 0.1, 0.2], max_depth in [3, 5, 7], using RandomizedSearchCV with Stratified 3-fold CV."
Gradient Boost,W300_O0,80/20,0.6960081883316275,0.6851059911852718,0.6773620829278311,0.6789691150603232,0.9496331042986017,RandomizedSearchCV,"{'n_estimators': 50, 'max_depth': 2, 'learning_rate': 0.1}","Tested learning_rate in [0.01, 0.1, 0.2], max_depth in [3, 5, 7], using RandomizedSearchCV with Stratified 3-fold CV."
Gradient Boost,W300_O0,70/30,0.7030716723549488,0.6924301394857442,0.6830639917345388,0.6841102795199275,0.9546470539871111,RandomizedSearchCV,"{'n_estimators': 50, 'max_depth': 2, 'learning_rate': 0.1}","Tested learning_rate in [0.01, 0.1, 0.2], max_depth in [3, 5, 7], using RandomizedSearchCV with Stratified 3-fold CV."
Gradient Boost,W300_O50,80/20,0.7393096342091705,0.7377185369267298,0.7349930758295542,0.7336142986884834,0.9649745973032776,RandomizedSearchCV,"{'n_estimators': 50, 'max_depth': 2, 'learning_rate': 0.1}","Tested learning_rate in [0.01, 0.1, 0.2], max_depth in [3, 5, 7], using RandomizedSearchCV with Stratified 3-fold CV."
Gradient Boost,W300_O50,70/30,0.7208104395604396,0.7154499538539509,0.7132000572274056,0.7122288690373577,0.962497305447533,RandomizedSearchCV,"{'n_estimators': 50, 'max_depth': 2, 'learning_rate': 0.1}","Tested learning_rate in [0.01, 0.1, 0.2], max_depth in [3, 5, 7], using RandomizedSearchCV with Stratified 3-fold CV."
Gradient Boost,W400_O0,80/20,0.710562414266118,0.696778138728508,0.6967842501638215,0.6936797459569868,0.9631180063043181,RandomizedSearchCV,"{'n_estimators': 50, 'max_depth': 2, 'learning_rate': 0.1}","Tested learning_rate in [0.01, 0.1, 0.2], max_depth in [3, 5, 7], using RandomizedSearchCV with Stratified 3-fold CV."
Gradient Boost,W400_O0,70/30,0.7074954296160878,0.6856362069347178,0.6867824878231199,0.6847682677143219,0.9617302737820205,RandomizedSearchCV,"{'n_estimators': 50, 'max_depth': 2, 'learning_rate': 0.1}","Tested learning_rate in [0.01, 0.1, 0.2], max_depth in [3, 5, 7], using RandomizedSearchCV with Stratified 3-fold CV."
Gradient Boost,W400_O50,80/20,0.7536332179930796,0.7430335044072129,0.7427540140687037,0.7420373968295713,0.9673229800877905,RandomizedSearchCV,"{'n_estimators': 50, 'max_depth': 2, 'learning_rate': 0.1}","Tested learning_rate in [0.01, 0.1, 0.2], max_depth in [3, 5, 7], using RandomizedSearchCV with Stratified 3-fold CV."
Gradient Boost,W400_O50,70/30,0.7467712177121771,0.7379788249791814,0.7324001621495402,0.7333558715059869,0.9654830931604508,RandomizedSearchCV,"{'n_estimators': 50, 'max_depth': 2, 'learning_rate': 0.1}","Tested learning_rate in [0.01, 0.1, 0.2], max_depth in [3, 5, 7], using RandomizedSearchCV with Stratified 3-fold CV."
Gradient Boost,W500_O0,80/20,0.6821305841924399,0.6738407387238404,0.6792043084540049,0.673668143864643,0.9529776375127722,RandomizedSearchCV,"{'n_estimators': 50, 'max_depth': 2, 'learning_rate': 0.1}","Tested learning_rate in [0.01, 0.1, 0.2], max_depth in [3, 5, 7], using RandomizedSearchCV with Stratified 3-fold CV."
Gradient Boost,W500_O0,70/30,0.6918671248568156,0.683623205690895,0.6802112535896883,0.6784121082796549,0.9584703950476903,RandomizedSearchCV,"{'n_estimators': 50, 'max_depth': 2, 'learning_rate': 0.1}","Tested learning_rate in [0.01, 0.1, 0.2], max_depth in [3, 5, 7], using RandomizedSearchCV with Stratified 3-fold CV."
Gradient Boost,W500_O50,80/20,0.752828546562228,0.7441837390736299,0.7375719093274838,0.7392722009375464,0.9702544781573228,RandomizedSearchCV,"{'n_estimators': 50, 'max_depth': 2, 'learning_rate': 0.1}","Tested learning_rate in [0.01, 0.1, 0.2], max_depth in [3, 5, 7], using RandomizedSearchCV with Stratified 3-fold CV."
Gradient Boost,W500_O50,70/30,0.7534802784222738,0.7364143595774494,0.7340287697941146,0.733423206637136,0.9678988189602894,RandomizedSearchCV,"{'n_estimators': 50, 'max_depth': 2, 'learning_rate': 0.1}","Tested learning_rate in [0.01, 0.1, 0.2], max_depth in [3, 5, 7], using RandomizedSearchCV with Stratified 3-fold CV."
XGBoost,W100_O0,80/20,0.6748985115020297,0.6743755699251052,0.6580130205353757,0.659044316943518,0.952236321786516,RandomizedSearchCV,"{'n_estimators': 100, 'max_depth': 3, 'learning_rate': 0.1}","Tested n_estimators, learning_rate, max_depth, subsample, colsample_bytree using RandomizedSearchCV with 2-fold Stratified CV and confirmed with KFold-5F."
XGBoost,W100_O0,70/30,0.6886983983758177,0.6804735500994129,0.6703673639072232,0.6700730033799047,0.952774624467902,RandomizedSearchCV,"{'n_estimators': 100, 'max_depth': 3, 'learning_rate': 0.1}","Tested n_estimators, learning_rate, max_depth, subsample, colsample_bytree using RandomizedSearchCV with 2-fold Stratified CV and confirmed with KFold-5F."
XGBoost,W100_O50,80/20,0.6991015426343448,0.698916384958244,0.6855876266307585,0.6851899543258404,0.9569057377511512,RandomizedSearchCV,"{'n_estimators': 100, 'max_depth': 3, 'learning_rate': 0.1}","Tested n_estimators, learning_rate, max_depth, subsample, colsample_bytree using RandomizedSearchCV with 2-fold Stratified CV and confirmed with KFold-5F."
XGBoost,W100_O50,70/30,0.6986100124307831,0.6948007476461157,0.6837653211205719,0.6832850297107279,0.9577717225534325,RandomizedSearchCV,"{'n_estimators': 100, 'max_depth': 3, 'learning_rate': 0.1}","Tested n_estimators, learning_rate, max_depth, subsample, colsample_bytree using RandomizedSearchCV with 2-fold Stratified CV and confirmed with KFold-5F."
XGBoost,W200_O0,80/20,0.7246770904146839,0.7194147366689445,0.7004335194429957,0.7024532849489645,0.9651788192285163,RandomizedSearchCV,"{'n_estimators': 100, 'max_depth': 3, 'learning_rate': 0.1}","Tested n_estimators, learning_rate, max_depth, subsample, colsample_bytree using RandomizedSearchCV with 2-fold Stratified CV and confirmed with KFold-5F."
XGBoost,W200_O0,70/30,0.7236067059356592,0.7133689826651096,0.7015400636378177,0.7015112627471157,0.9613069342828067,RandomizedSearchCV,"{'n_estimators': 100, 'max_depth': 3, 'learning_rate': 0.1}","Tested n_estimators, learning_rate, max_depth, subsample, colsample_bytree using RandomizedSearchCV with 2-fold Stratified CV and confirmed with KFold-5F."
XGBoost,W200_O50,80/20,0.7337883959044369,0.7302953649155406,0.7128738524362339,0.7157102175123953,0.9637721532472163,RandomizedSearchCV,"{'n_estimators': 100, 'max_depth': 3, 'learning_rate': 0.1}","Tested n_estimators, learning_rate, max_depth, subsample, colsample_bytree using RandomizedSearchCV with 2-fold Stratified CV and confirmed with KFold-5F."
XGBoost,W200_O50,70/30,0.7415244596131968,0.7385332799790919,0.7214071478871261,0.7225056316712243,0.9658973984095617,RandomizedSearchCV,"{'n_estimators': 100, 'max_depth': 3, 'learning_rate': 0.1}","Tested n_estimators, learning_rate, max_depth, subsample, colsample_bytree using RandomizedSearchCV with 2-fold Stratified CV and confirmed with KFold-5F."
XGBoost,W300_O0,80/20,0.721596724667349,0.7172577256816904,0.7070931142131164,0.7088144120680571,0.961678955032621,RandomizedSearchCV,"{'n_estimators': 100, 'max_depth': 3, 'learning_rate': 0.1}","Tested n_estimators, learning_rate, max_depth, subsample, colsample_bytree using RandomizedSearchCV with 2-fold Stratified CV and confirmed with KFold-5F."
XGBoost,W300_O0,70/30,0.7276450511945393,0.7221103604381564,0.7072877740794048,0.7100435307918294,0.9644419777280656,RandomizedSearchCV,"{'n_estimators': 100, 'max_depth': 3, 'learning_rate': 0.1}","Tested n_estimators, learning_rate, max_depth, subsample, colsample_bytree using RandomizedSearchCV with 2-fold Stratified CV and confirmed with KFold-5F."
XGBoost,W300_O50,80/20,0.7820710973724884,0.7866937230886264,0.777201939950896,0.7790093352093046,0.9774575284215031,RandomizedSearchCV,"{'n_estimators': 100, 'max_depth': 3, 'learning_rate': 0.1}","Tested n_estimators, learning_rate, max_depth, subsample, colsample_bytree using RandomizedSearchCV with 2-fold Stratified CV and confirmed with KFold-5F."
XGBoost,W300_O50,70/30,0.7716346153846154,0.7655590343115407,0.7581050275477966,0.758774422093558,0.9745346511973296,RandomizedSearchCV,"{'n_estimators': 100, 'max_depth': 3, 'learning_rate': 0.1}","Tested n_estimators, learning_rate, max_depth, subsample, colsample_bytree using RandomizedSearchCV with 2-fold Stratified CV and confirmed with KFold-5F."
XGBoost,W400_O0,80/20,0.7393689986282579,0.7278447219942994,0.7318979983192005,0.7257408300352399,0.9684605030432966,RandomizedSearchCV,"{'n_estimators': 100, 'max_depth': 3, 'learning_rate': 0.1}","Tested n_estimators, learning_rate, max_depth, subsample, colsample_bytree using RandomizedSearchCV with 2-fold Stratified CV and confirmed with KFold-5F."
XGBoost,W400_O0,70/30,0.7413162705667276,0.7304048253326989,0.728657461613437,0.7283468745515229,0.9700981701516507,RandomizedSearchCV,"{'n_estimators': 100, 'max_depth': 3, 'learning_rate': 0.1}","Tested n_estimators, learning_rate, max_depth, subsample, colsample_bytree using RandomizedSearchCV with 2-fold Stratified CV and confirmed with KFold-5F."
XGBoost,W400_O50,80/20,0.7972318339100346,0.7861638193426821,0.7817730477081567,0.782369437314016,0.9794894769365002,RandomizedSearchCV,"{'n_estimators': 100, 'max_depth': 3, 'learning_rate': 0.1}","Tested n_estimators, learning_rate, max_depth, subsample, colsample_bytree using RandomizedSearchCV with 2-fold Stratified CV and confirmed with KFold-5F."
XGBoost,W400_O50,70/30,0.7933579335793358,0.7824573910007291,0.7772338267817793,0.7778668970370801,0.9780259643252027,RandomizedSearchCV,"{'n_estimators': 100, 'max_depth': 3, 'learning_rate': 0.1}","Tested n_estimators, learning_rate, max_depth, subsample, colsample_bytree using RandomizedSearchCV with 2-fold Stratified CV and confirmed with KFold-5F."
XGBoost,W500_O0,80/20,0.7233676975945017,0.7217244286692367,0.7260931830916687,0.7201825187162686,0.9627762948120838,RandomizedSearchCV,"{'n_estimators': 100, 'max_depth': 3, 'learning_rate': 0.1}","Tested n_estimators, learning_rate, max_depth, subsample, colsample_bytree using RandomizedSearchCV with 2-fold Stratified CV and confirmed with KFold-5F."
XGBoost,W500_O0,70/30,0.7468499427262314,0.7433429712128983,0.7336478008382478,0.732029283166721,0.969056246023636,RandomizedSearchCV,"{'n_estimators': 100, 'max_depth': 3, 'learning_rate': 0.1}","Tested n_estimators, learning_rate, max_depth, subsample, colsample_bytree using RandomizedSearchCV with 2-fold Stratified CV and confirmed with KFold-5F."
XGBoost,W500_O50,80/20,0.7989556135770235,0.8014347880761231,0.7800616773542839,0.786241203391955,0.980837135998398,RandomizedSearchCV,"{'n_estimators': 100, 'max_depth': 3, 'learning_rate': 0.1}","Tested n_estimators, learning_rate, max_depth, subsample, colsample_bytree using RandomizedSearchCV with 2-fold Stratified CV and confirmed with KFold-5F."
XGBoost,W500_O50,70/30,0.8004640371229699,0.7932669841040417,0.7816911151686359,0.7837954304929188,0.9806860502855351,RandomizedSearchCV,"{'n_estimators': 100, 'max_depth': 3, 'learning_rate': 0.1}","Tested n_estimators, learning_rate, max_depth, subsample, colsample_bytree using RandomizedSearchCV with 2-fold Stratified CV and confirmed with KFold-5F."
ANN,W100_O0,80/20,0.6610284167794317,0.6605580143485247,0.6495442895016401,0.6522170292359926,0.9484249138540456,RandomizedSearchCV,"{'activation': 'relu', 'alpha': 0.001, 'hidden_layer_sizes': (50, 50), 'learning_rate': 'constant'}","Tested hidden_layer_sizes, solver, and activation using RandomizedSearchCV with Stratified 3-fold CV."
ANN,W100_O0,70/30,0.6641100834649222,0.6604252708586392,0.6555486642272015,0.6553711935240352,0.9499260541384806,RandomizedSearchCV,"{'activation': 'relu', 'alpha': 0.001, 'hidden_layer_sizes': (50, 50), 'learning_rate': 'constant'}","Tested hidden_layer_sizes, solver, and activation using RandomizedSearchCV with Stratified 3-fold CV."
ANN,W100_O50,80/20,0.7077470757755552,0.7069335198871006,0.6973560825191583,0.6984879372130579,0.9624657647520775,RandomizedSearchCV,"{'activation': 'tanh', 'alpha': 0.001, 'hidden_layer_sizes': (50, 50), 'learning_rate': 'constant'}","Tested hidden_layer_sizes, solver, and activation using RandomizedSearchCV with Stratified 3-fold CV."
ANN,W100_O50,70/30,0.7191773081704147,0.7168288397217132,0.7060172996929596,0.7084449715050262,0.9623706967947928,RandomizedSearchCV,"{'activation': 'tanh', 'alpha': 0.001, 'hidden_layer_sizes': (50, 50), 'learning_rate': 'constant'}","Tested hidden_layer_sizes, solver, and activation using RandomizedSearchCV with Stratified 3-fold CV."
ANN,W200_O0,80/20,0.69068660774983,0.6970042278380333,0.6776841960566297,0.6827055972478587,0.9599586693437238,RandomizedSearchCV,"{'activation': 'tanh', 'alpha': 0.0001, 'hidden_layer_sizes': (50, 50), 'learning_rate': 'constant'}","Tested hidden_layer_sizes, solver, and activation using RandomizedSearchCV with Stratified 3-fold CV."
ANN,W200_O0,70/30,0.6746714997734481,0.6740632179140797,0.6610577187751299,0.6638608600785201,0.9530189156544828,RandomizedSearchCV,"{'activation': 'tanh', 'alpha': 0.0001, 'hidden_layer_sizes': (50, 50), 'learning_rate': 'constant'}","Tested hidden_layer_sizes, solver, and activation using RandomizedSearchCV with Stratified 3-fold CV."
ANN,W200_O50,80/20,0.7221843003412969,0.717855022014201,0.7069497255858278,0.7087450340430462,0.9623886007720894,RandomizedSearchCV,"{'activation': 'relu', 'alpha': 0.0001, 'hidden_layer_sizes': (50, 50), 'learning_rate': 'constant'}","Tested hidden_layer_sizes, solver, and activation using RandomizedSearchCV with Stratified 3-fold CV."
ANN,W200_O50,70/30,0.7224118316268487,0.7171765729331496,0.7124291464064091,0.7118929029100257,0.9620947199172455,RandomizedSearchCV,"{'activation': 'relu', 'alpha': 0.0001, 'hidden_layer_sizes': (50, 50), 'learning_rate': 'constant'}","Tested hidden_layer_sizes, solver, and activation using RandomizedSearchCV with Stratified 3-fold CV."
ANN,W300_O0,80/20,0.6908904810644831,0.6852077903380067,0.6813802218305518,0.6810934370810483,0.9593222652757043,RandomizedSearchCV,"{'activation': 'relu', 'alpha': 0.001, 'hidden_layer_sizes': (50, 50), 'learning_rate': 'constant'}","Tested hidden_layer_sizes, solver, and activation using RandomizedSearchCV with Stratified 3-fold CV."
ANN,W300_O0,70/30,0.6621160409556314,0.6784559725399444,0.6526589242894576,0.648495866047607,0.9546693993000601,RandomizedSearchCV,"{'activation': 'relu', 'alpha': 0.001, 'hidden_layer_sizes': (50, 50), 'learning_rate': 'constant'}","Tested hidden_layer_sizes, solver, and activation using RandomizedSearchCV with Stratified 3-fold CV."
ANN,W300_O50,80/20,0.7810407006697578,0.7717437267480041,0.7692501988701305,0.7696477374174038,0.9752607263334419,RandomizedSearchCV,"{'activation': 'tanh', 'alpha': 0.0001, 'hidden_layer_sizes': (50, 50), 'learning_rate': 'constant'}","Tested hidden_layer_sizes, solver, and activation using RandomizedSearchCV with Stratified 3-fold CV."
ANN,W300_O50,70/30,0.7414148351648352,0.7391783508618947,0.7279437232903785,0.7285503572878252,0.9689896800032588,RandomizedSearchCV,"{'activation': 'relu', 'alpha': 0.0001, 'hidden_layer_sizes': (50, 50), 'learning_rate': 'constant'}","Tested hidden_layer_sizes, solver, and activation using RandomizedSearchCV with Stratified 3-fold CV."
ANN,W400_O0,80/20,0.6790123456790124,0.6756855238452709,0.6651574770799799,0.6661195691716816,0.9588578425219146,RandomizedSearchCV,"{'activation': 'relu', 'alpha': 0.001, 'hidden_layer_sizes': (50, 50), 'learning_rate': 'constant'}","Tested hidden_layer_sizes, solver, and activation using RandomizedSearchCV with Stratified 3-fold CV."
ANN,W400_O0,70/30,0.706581352833638,0.6994794521227227,0.6995278430926337,0.6978732473041828,0.963292106362884,RandomizedSearchCV,"{'activation': 'relu', 'alpha': 0.0001, 'hidden_layer_sizes': (50, 50), 'learning_rate': 'constant'}","Tested hidden_layer_sizes, solver, and activation using RandomizedSearchCV with Stratified 3-fold CV."
ANN,W400_O50,80/20,0.7294117647058823,0.7243174139673406,0.7060810932557569,0.7095120806051383,0.9681816631394036,RandomizedSearchCV,"{'activation': 'relu', 'alpha': 0.0001, 'hidden_layer_sizes': (50, 50), 'learning_rate': 'constant'}","Tested hidden_layer_sizes, solver, and activation using RandomizedSearchCV with Stratified 3-fold CV."
ANN,W400_O50,70/30,0.742619926199262,0.7361936932844856,0.7303405202707421,0.7299326858196767,0.9699555002872401,RandomizedSearchCV,"{'activation': 'relu', 'alpha': 0.001, 'hidden_layer_sizes': (50, 50), 'learning_rate': 'constant'}","Tested hidden_layer_sizes, solver, and activation using RandomizedSearchCV with Stratified 3-fold CV."
ANN,W500_O0,80/20,0.6683848797250859,0.6881873600454632,0.6702817891983173,0.6737235845880838,0.960840153948782,RandomizedSearchCV,"{'activation': 'relu', 'alpha': 0.001, 'hidden_layer_sizes': (50, 50), 'learning_rate': 'constant'}","Tested hidden_layer_sizes, solver, and activation using RandomizedSearchCV with Stratified 3-fold CV."
ANN,W500_O0,70/30,0.6632302405498282,0.6792737266499006,0.6454441263666096,0.6522457276324476,0.9565760738937883,RandomizedSearchCV,"{'activation': 'relu', 'alpha': 0.001, 'hidden_layer_sizes': (50, 50), 'learning_rate': 'constant'}","Tested hidden_layer_sizes, solver, and activation using RandomizedSearchCV with Stratified 3-fold CV."
ANN,W500_O50,80/20,0.7310704960835509,0.7327417064663877,0.7178585749617488,0.7225733048077498,0.9712794938163931,RandomizedSearchCV,"{'activation': 'tanh', 'alpha': 0.0001, 'hidden_layer_sizes': (50,), 'learning_rate': 'constant'}","Tested hidden_layer_sizes, solver, and activation using RandomizedSearchCV with Stratified 3-fold CV."
ANN,W500_O50,70/30,0.7134570765661253,0.7186206062092897,0.6928608299629798,0.6983376112046069,0.9667021017056314,RandomizedSearchCV,"{'activation': 'relu', 'alpha': 0.0001, 'hidden_layer_sizes': (50, 50), 'learning_rate': 'constant'}","Tested hidden_layer_sizes, solver, and activation using RandomizedSearchCV with Stratified 3-fold CV."
